[
{
  "Band": "160M",
  "StartFrequency": 1800000,
  "EndFrequency": 1810000,
  "PrimaryMode": "FT8",
  "ValidModes": ["FT8","RTTY","CW"],
  "MainSegment": false,
  "Remark": "Digital data modes"
},

{
  "Band": "160M",
  "StartFrequency": 1810000,
  "EndFrequency": 1830000,
  "PrimaryMode": "CW",
  "MainSegment": true,
  "Remark": ""
},

{
  "Band": "160M",
  "StartFrequency": 1830000,
  "EndFrequency": 1838000,
  "PrimaryMode": "FT8",
  "ValidModes": ["FT8","RTTY","CW"],
  "MainSegment": false,
  "Remark": "Digital data modes"
},

{
  "Band": "160M",
  "StartFrequency": 1838000,
  "EndFrequency": 1839000,
  "PrimaryMode": "FT8",
  "ValidModes": ["FT8","RTTY","CW"],
  "MainSegment": false,
  "Remark": "Digital data modes"
},

{
  "Band": "160M",
  "StartFrequency": 1839000,
  "EndFrequency": 1843000,
  "PrimaryMode": "FT8",
  "ValidModes": ["FT8","RTTY","CW"],
  "MainSegment": true,
  "Remark": "Digital data modes"
},

{
  "Band": "160M",
  "StartFrequency": 1843000,
  "EndFrequency": 1875000,
  "PrimaryMode": "SSB",
  "ValidModes": ["SSB","AM","CW"],
  "MainSegment": true,
  "Remark": "SSB/AM"
},

{
  "Band": "80M",
  "StartFrequency": 3500000,
  "EndFrequency": 3535000,
  "PrimaryMode": "CW",
  "ValidModes": ["CW"],
  "MainSegment": true,
  "Remark": "CW"
},

{
  "Band": "80M",
  "StartFrequency": 3535000,
  "EndFrequency": 3570000,
  "PrimaryMode": "SSB",
  "ValidModes": ["SSB","CW"],
  "MainSegment": false,
  "Remark": "SSB"
},

{
  "Band": "80M",
  "StartFrequency": 3570000,
  "EndFrequency": 3600000,
  "PrimaryMode": "FT8",
  "ValidModes": ["FT8","RTTY","CW"],
  "MainSegment": true,
  "Remark": "Digital data modes"
},

{
  "Band": "80M",
  "StartFrequency": 3600000,
  "EndFrequency": 3700000,
  "PrimaryMode": "SSB",
  "ValidModes": ["SSB","CW"],
  "MainSegment": true,
  "Remark": "SSB"
},

{
  "Band": "80M",
  "StartFrequency": 3776000,
  "EndFrequency": 3800000,
  "PrimaryMode": "SSB",
  "ValidModes": ["SSB","CW"],
  "MainSegment": false,
  "Remark": "Advanced Licenses Only - DX Window"
},

{
  "Band": "40M",
  "StartFrequency": 7000000,
  "EndFrequency": 7040000,
  "PrimaryMode": "CW",
  "ValidModes": ["CW"],
  "MainSegment": true,
  "Remark": "CW"
},

{
  "Band": "40M",
  "StartFrequency": 7040000,
  "EndFrequency": 7060000,
  "PrimaryMode": "FT8",
  "ValidModes": ["RTTY","FT8","CW"],
  "MainSegment": false,
  "Remark": "Digital data modes"
},

{
  "Band": "40M",
  "StartFrequency": 7060000,
  "EndFrequency": 7074000,
  "PrimaryMode": "SSB",
  "ValidModes": ["SSB","RTTY","FT8","CW"],
  "MainSegment": false,
  "Remark": "SSB (shared with international digimode activity)"
},

{
  "Band": "40M",
  "StartFrequency": 7074000,
  "EndFrequency": 7080000,
  "PrimaryMode": "FT8",
  "ValidModes": ["RTTY","FT8","CW"],
  "MainSegment": true,
  "Remark": "Digital data modes"
},

{
  "Band": "40M",
  "StartFrequency": 7080000,
  "EndFrequency": 7300000,
  "PrimaryMode": "SSB",
  "ValidModes": ["SSB","CW"],
  "MainSegment": true,
  "Remark": "SSB"
},

{
  "Band": "30M",
  "StartFrequency": 10100000,
  "EndFrequency": 10120000,
  "PrimaryMode": "CW",
  "ValidModes": ["CW"],
  "MainSegment": true,
  "Remark": "Advanced Licenses Only - CW"
},

{
  "Band": "30M",
  "StartFrequency": 10120000,
  "EndFrequency": 10135000,
  "PrimaryMode": "SSB",
  "ValidModes": ["SSB","CW"],
  "MainSegment": true,
  "Remark": "Advanced Licenses Only - SSB recommended segment"
},

{
  "Band": "30M",
  "StartFrequency": 10135000,
  "EndFrequency": 10150000,
  "PrimaryMode": "FT8",
  "ValidModes": ["FT8","RTTY","CW"],
  "MainSegment": true,
  "Remark": "Advanced Licenses Only - Digital data modes"
},

{
  "Band": "20M",
  "StartFrequency": 14000000,
  "EndFrequency": 14070000,
  "PrimaryMode": "CW",
  "ValidModes": ["CW"],
  "MainSegment": true,
  "Remark": "CW"
},

{
  "Band": "20M",
  "StartFrequency": 14070000,
  "EndFrequency": 14112000,
  "PrimaryMode": "FT8",
  "ValidModes": ["RTTY","FT8","CW"],
  "MainSegment": true,
  "Remark": "Digital data modes"
},

{
  "Band": "20M",
  "StartFrequency": 14112000,
  "EndFrequency": 14350000,
  "PrimaryMode": "SSB",
  "ValidModes": ["SSB","CW"],
  "MainSegment": true,
  "Remark": "SSB"
},

{
  "Band": "17M",
  "StartFrequency": 18068000,
  "EndFrequency": 18095000,
  "PrimaryMode": "CW",
  "ValidModes": ["CW"],
  "MainSegment": true,
  "Remark": "Advanced Licenses Only - CW"
},

{
  "Band": "17M",
  "StartFrequency": 18095000,
  "EndFrequency": 18110000,
  "PrimaryMode": "FT8",
  "ValidModes": ["RTTY","FT8","CW"],
  "MainSegment": true,
  "Remark": "Advanced Licenses Only - Digital data modes"
},

{
  "Band": "17M",
  "StartFrequency": 18110000,
  "EndFrequency": 18168000,
  "PrimaryMode": "SSB",
  "ValidModes": ["SSB","CW"],
  "MainSegment": true,
  "Remark": "Advanced Licenses Only - SSB"
},

{
  "Band": "15M",
  "StartFrequency": 21000000,
  "EndFrequency": 21070000,
  "PrimaryMode": "CW",
  "ValidModes": ["CW"],
  "MainSegment": true,
  "Remark": "CW"
},

{
  "Band": "15M",
  "StartFrequency": 21070000,
  "EndFrequency": 21150000,
  "PrimaryMode": "FT8",
  "ValidModes": ["RTTY","FT8","CW"],
  "MainSegment": true,
  "Remark": "Digital data modes"
},

{
  "Band": "15M",
  "StartFrequency": 21150000,
  "EndFrequency": 21450000,
  "PrimaryMode": "SSB",
  "ValidModes": ["SSB","CW"],
  "MainSegment": true,
  "Remark": "SSB"
},

{
  "Band": "12M",
  "StartFrequency": 24890000,
  "EndFrequency": 24915000,
  "PrimaryMode": "CW",
  "ValidModes": ["CW"],
  "MainSegment": true,
  "Remark": "Advanced Licenses Only - CW"
},

{
  "Band": "12M",
  "StartFrequency": 24915000,
  "EndFrequency": 24930000,
  "PrimaryMode": "FT8",
  "ValidModes": ["RTTY","FT8","CW"],
  "MainSegment": true,
  "Remark": "Advanced Licenses Only - Digital data modes"
},

{
  "Band": "12M",
  "StartFrequency": 24930000,
  "EndFrequency": 24990000,
  "PrimaryMode": "SSB",
  "ValidModes": ["SSB","CW"],
  "MainSegment": true,
  "Remark": "Advanced Licenses Only - SSB"
},

{
  "Band": "10M",
  "StartFrequency": 28000000,
  "EndFrequency": 28070000,
  "PrimaryMode": "CW",
  "ValidModes": ["CW"],
  "MainSegment": true,
  "Remark": "CW"
},

{
  "Band": "10M",
  "StartFrequency": 28070000,
  "EndFrequency": 28190000,
  "PrimaryMode": "FT8",
  "ValidModes": ["RTTY","FT8","CW"],
  "MainSegment": true,
  "Remark": "Digital data modes"
},

{
  "Band": "10M",
  "StartFrequency": 28190000,
  "EndFrequency": 28200000,
  "PrimaryMode": "CW",
  "ValidModes": ["CW"],
  "MainSegment": false,
  "Remark": "IBP Beacons"
},

{
  "Band": "10M",
  "StartFrequency": 28200000,
  "EndFrequency": 28300000,
  "PrimaryMode": "CW",
  "ValidModes": ["CW"],
  "MainSegment": false,
  "Remark": "Continuous Duty Beacons"
},

{
  "Band": "10M",
  "StartFrequency": 28300000,
  "EndFrequency": 29110000,
  "PrimaryMode": "SSB",
  "ValidModes": ["RTTY","FT8","SSB","CW","AM"],
  "MainSegment": true,
  "Remark": "CW/SSB/AM"
},

{
  "Band": "10M",
  "StartFrequency": 29110000,
  "EndFrequency": 29300000,
  "PrimaryMode": "FM",
  "ValidModes": ["FM"],
  "MainSegment": true,
  "Remark": "FM SIMPLEX"
},

{
  "Band": "10M",
  "StartFrequency": 29300000,
  "EndFrequency": 29510000,
  "PrimaryMode": "SAT",
  "ValidModes": ["SAT"],
  "MainSegment": true,
  "Remark": "AMATEUR SATELLITES"
},

{
  "Band": "10M",
  "StartFrequency": 29510000,
  "EndFrequency": 29700000,
  "PrimaryMode": "FM",
  "ValidModes": ["FM"],
  "MainSegment": false,
  "Remark": "FM REPEATERS AND SIMPLEX"
}
]
